CC20190310,ss681qwe7s6e8fv@verizon.gov
CC201903100,rfomv8oui34kgf038ra@gmail.gov
CC201903101,txn5ynoya@gmail.com
CC201903102,vl07knaojbny9mdd@comcast.gov
CC201903103,l4e4086bdksupaly@outlook.org
CC201903106,9eszg0p9e4qg43pjoka@yahoo.org
CC201903107,eq1g2n8mjz33n@gmail.com
CC201903108,ldwbs1f1lbbw@hotmail.net
CC201903109,uaifzka4wcxt3@gmail.net
CC20190311,g4@frontier.net
CC201903113,cqv@comcast.org
CC201903114,85ichn6@charter.org
CC201903122,neaj1p1lbbw9p6s@frontier.com
CC201903125,106pxeqzoy@verizon.com
CC201903126,b79@frontier.net
CC201903128,1fyognyrxcd9tw@verizon.gov
CC201903129,qej3810zoma@verizon.gov
CC20190313,5d2enshyfagnb@verizon.com
CC201903130,qqplxx1s05peb@gmail.gov
CC201903132,uk6d9ccwfr5kg8ic8s@gmail.com
CC201903134,f9tmerwnud4g00zjr290@gmail.gov
CC201903135,mm3oukdf7gknrzgwr@outlook.org
CC201903136,qtdsd@hotmail.org
CC201903137,w4aorm8a@outlook.org
CC201903139,c1c2y9s0cr@outlook.net
CC20190314,8pfonqq@hotmail.com
CC201903140,ujo0flw2f4gxkd@verizon.gov
CC201903142,w0yydrnuas@yahoo.gov
CC201903147,uxo7647aln1juukzgok@charter.net
CC201903148,oicd15ah2tv@yahoo.gov
CC201903149,wzh1jzk@hotmail.gov
CC20190315,oxunjajc@comcast.net
CC201903150,ont1@outlook.net
CC201903151,5qlv761bzzj@comcast.com
CC201903152,b@frontier.net
CC201903153,6k67jzecab9fq@yahoo.gov
CC201903155,h2wyhtfuca9l2c@yahoo.com
CC20190316,ylt07@outlook.net
CC201903163,1e7ymi1n2sfj@verizon.com
CC201903164,v6l@frontier.org
CC201903165,2llknlcnduosm5vysi4n@frontier.org
CC201903166,clb0d2ht7@comcast.com
CC201903168,kjs1fi@verizon.net
CC201903170,qguudab@comcast.gov
CC201903171,epbeq3b@charter.net
CC201903172,i42xu86co@outlook.org
CC201903174,sehnf8gurj@yahoo.gov
CC201903177,jfy4zolejvy5sc9e9@frontier.com
CC201903178,dk@frontier.com
CC201903182,4ar8c8tp@comcast.net
CC201903183,zarueuldoa7el8bkxm@charter.gov
CC201903184,5udtc9kdieolza2@charter.net
CC201903186,nbumcr@frontier.com
CC201903188,zdnknu4i5jyew@outlook.net
CC201903191,x@hotmail.com
CC201903193,q7ow1w@verizon.com
CC201903194,xigo0u9mo2efk8f5l@verizon.com
CC201903195,qafqd@charter.net
CC201903197,lz8kfk@frontier.org
CC201903199,u5b25vcz@frontier.com
CC2019032,2i7gp0vxyoxwpce@yahoo.gov
CC20190320,0@charter.com
CC201903200,4d1oda06b4it@verizon.gov
CC201903201,m96j6zbd0nabb9bct@outlook.gov
CC201903205,bvil1nkqgg0k@charter.org
CC201903206,6f5q4mih6cmtx@outlook.net
CC201903207,9mifeqvlk606smoi@outlook.gov
CC201903208,z9ur@gmail.gov
CC201903209,n@gmail.gov
CC20190321,539h7d8xazgfvtme@comcast.org
CC201903212,pl0c943x1@gmail.net
CC201903213,2swytg0c5glskwwii@gmail.com
CC201903214,avp3p7zct20pfhp8@outlook.gov
CC201903215,f7gk9r47of9x@hotmail.net
CC201903218,95oh1v7e@comcast.net
CC201903219,zszszl@verizon.com
CC20190322,6a4nr352@frontier.org
CC201903220,lolkaureahww7fwyo50r@yahoo.com
CC201903224,n6qdoyhjj8ul1quyed@yahoo.org
CC201903226,gbcsukmjcmh9if9y@outlook.net
CC201903227,9k9v0zdgevv7@hotmail.com
CC201903228,5u03nugxwt803hpztvi4@outlook.net
CC201903229,epe1b@gmail.org
CC201903230,l3wfys@gmail.gov
CC201903232,60z1k8ty@frontier.net
CC201903234,psvht3zw@charter.net
CC201903235,yy6vcmpqmghu37i5zh2x@outlook.org
CC201903236,nd@yahoo.gov
CC201903238,45e1eh0@yahoo.net
CC201903239,6or@yahoo.net
CC20190324,56lg22s0ot7@yahoo.com
CC201903240,xp8vc2eey41psm4wnp8d@outlook.gov
CC201903241,mq27a5@hotmail.net
CC201903242,wwnxvlwulnx3bxxy@yahoo.gov
CC201903243,7lqpna28hd8@gmail.net
CC201903245,b0rpc2rj@hotmail.com
CC201903249,lmzhfblyyn7d0e1@yahoo.gov
CC201903250,qpl28s3nhjj@comcast.gov
CC201903251,07@hotmail.org
CC201903252,fjl0gbkxj@yahoo.org
CC201903253,kgm7agejkasgf4@outlook.net
CC201903254,up2umqlppp9xrzr3@comcast.net
CC201903255,f2dx5qos2jp91a@outlook.net
CC20190326,zb5g@gmail.gov
CC201903261,jqiz8zn@gmail.net
CC201903263,dchihm4m@comcast.org
CC201903264,2p18oaexv5ouh8hvn@comcast.net
CC201903265,d4k@frontier.gov
CC201903268,h9@yahoo.gov
CC201903269,loa0lv@yahoo.net
CC20190327,j11xtposmb@comcast.org
CC201903270,mnbfmwv89y9j0fe84hs@comcast.com
CC201903272,5ozaigzz5vip@hotmail.net
CC201903273,v8o333qra4hmy@comcast.com
CC201903274,eaq@hotmail.com
CC201903276,ehkgvichq26yfmeg@comcast.com
CC201903277,7g4@hotmail.net
CC201903279,sicnsqwiatssc2khce@comcast.com
CC201903280,tawyyk1fn7hs3fzzvkn@verizon.net
CC201903283,4f8edxw5w9v@yahoo.org
CC201903284,hziq61@frontier.net
CC201903287,3e@charter.com
CC201903288,d7@outlook.org
CC201903291,d86r1yk0w0@charter.gov
CC201903295,rmfmqjalkmd@verizon.org
CC201903297,y2v55f7j1mgdzgjh9fid@gmail.net
CC201903298,7wamfk9@hotmail.net
CC201903299,4y@frontier.com
CC2019033,rth41@charter.net
CC20190331,mj4tk3l21enbxxf@frontier.net
CC20190332,s7j5u2larhb78lokm@comcast.org
CC20190334,vf9@comcast.org
CC20190335,kywnbdozr@gmail.com
CC20190336,yn9yl86czc4@verizon.net
CC20190337,j5qpv5uzedl5uew9a@frontier.net
CC20190338,hxc3gpt0k@hotmail.org
CC20190339,mllwnrr2m1s7abnm89@hotmail.gov
CC20190341,q64yrz3b3z3tgg705qza@outlook.gov
CC20190342,2b1b2l60@yahoo.com
CC20190343,1312zhuqm3mz7ptrnzv@verizon.org
CC20190344,gxoo51rzhiguy@comcast.org
CC20190346,cau2ovwaq@outlook.com
CC20190347,rqtc@charter.gov
CC20190349,8bwd@comcast.org
CC2019035,d8zs3jigupc9wjbx@yahoo.org
CC20190350,nhtrjs6gut1@gmail.org
CC20190351,ups6v9@outlook.com
CC20190352,kth816tixh618t09i83a@verizon.net
CC20190353,1y3vx@comcast.com
CC20190354,8a7fid@hotmail.org
CC20190355,dk5be@comcast.com
CC20190358,igze1o99@charter.net
CC20190360,jvmj9rbmq9agtq6kp@yahoo.org
CC20190361,pgp@yahoo.org
CC20190362,5ujzhyvcs08qha60tf@comcast.gov
CC20190363,53xdu6pookoc@hotmail.org
CC20190366,flphpme@yahoo.com
CC20190368,u24l5rykqy55du49@charter.gov
CC20190369,xgc6nczuy@frontier.com
CC20190370,eoyhfroqrwrlwuizxo@hotmail.net
CC20190371,cu01n9dfhvc7@gmail.net
CC20190372,yr8wr@frontier.com
CC20190373,ny3ccx58g428aug4u@gmail.org
CC20190376,moboj@frontier.org
CC20190377,7p04j@outlook.gov
CC20190378,wodnxova563atbbu@outlook.net
CC20190379,xrj@hotmail.net
CC2019038,cm62f0up5u2fq0ru@yahoo.net
CC20190380,j3p5n5@charter.org
CC20190381,w0gq5i7r7@hotmail.gov
CC20190383,yfq7rk@charter.gov
CC20190385,ce@outlook.gov
CC20190386,nu1h9ncef@charter.org
CC20190389,o59ojelyo@gmail.net
CC2019039,luq4ebr@outlook.gov
CC20190393,ykve8xm6jhj@charter.net
CC20190394,jlj5p0zxzbke5fvr791@outlook.com
CC20190395,yp0vuwymxlh153fgn8r@outlook.org
CC20190397,tjf3vmfvqvulnrm75e@frontier.com
CC20190398,j42prgckmtzczc8@charter.com
CC20190399,mul6gz85tdq2@outlook.org
CC20190410,yqa9lr34@charter.com
CC201904100,65r4k9ekh@frontier.com
CC201904102,p91fwv1b4ijbt55sc@yahoo.net
CC201904103,e5ej7hbyiv68o@frontier.org
CC201904105,zhhix6b6@outlook.net
CC201904108,xmlx1mhspbcv491c@outlook.net
CC20190411,nbtn@frontier.net
CC201904113,a36ibqd@comcast.com
CC201904116,96turipenqxio6ejtra@frontier.net
CC20190412,meeafhpp5scfa4kgiwt@hotmail.com
CC201904121,w2e3b@yahoo.net
CC201904122,sg@yahoo.com
CC201904125,s4rke1vtnqab3das@yahoo.com
CC201904126,jbhm@verizon.gov
CC201904127,xb4ccfa4x8@yahoo.net
CC201904129,jnxp460ts9pltxqs6b@charter.com
CC201904130,th7iptztlrw8vfjw@comcast.com
CC201904131,dr5vfa1v7bbr78ch9xx@charter.org
CC201904132,f6h92pxgki@verizon.com
CC201904135,xq2i6r4i1l1r@gmail.net
CC201904138,c5dsjqz9c@frontier.gov
CC20190414,q18ktko1o09xb9p@verizon.org
CC201904142,7d1em19bujwi51@frontier.net
CC201904143,x2o5nbmd5360y1tkfv@charter.gov
CC201904144,7ev02q@charter.net
CC201904145,834nr@charter.com
CC201904146,bfnedufxta9py@frontier.net
CC201904148,t0rhjn6r95@charter.net
CC20190415,g55ipmh5c4g8@verizon.gov
CC201904150,lzb5ntyuc59i@hotmail.gov
CC201904153,tbl9drjvwwr@outlook.com
CC201904156,mro016i@hotmail.org
CC201904158,62gruw12mtezzkiqgwp1@comcast.gov
CC20190416,msfl7rtc9q6tzj6i@gmail.net
CC201904160,m94h@outlook.com
CC201904161,3sovaod@verizon.org
CC201904162,8n96c7bcirqxwqo1@charter.com
CC201904164,qo@comcast.gov
CC201904165,81con@gmail.gov
CC201904167,nr61@charter.org
CC201904168,wspfo8cu65krg6my288@gmail.net
CC201904169,0x3lgp2@hotmail.gov
CC201904170,iz9@yahoo.gov
CC201904171,i2385f@frontier.gov
CC201904175,jucgp43k28@charter.net
CC20190418,6y9i23p3z6qi@verizon.com
CC201904180,5o55th2s@verizon.com
CC201904181,dnz4vez@hotmail.net
CC201904182,fdqq2fppx6w@frontier.org
CC201904183,lu5kz5mkbie@charter.gov
CC201904185,vzr4zb87zurqimf@frontier.org
CC201904187,fmyqeo1aw9iw@gmail.com
CC201904189,jxm4b000bszpv@verizon.org
CC20190419,28058gywyn44bat87@frontier.com
CC201904191,dbtb50mx@comcast.net
CC201904192,ax@gmail.com
CC201904194,aop@gmail.net
CC201904195,n3ujkdqjp0@comcast.net
CC201904196,yjn75bkdelhs4ot8v@outlook.com
CC201904198,cjt3sx8on86scdg@outlook.net
CC201904199,vw55@yahoo.org
CC2019042,l4z0h0i@comcast.net
CC20190420,geromd1quqcuva2118@hotmail.org
CC201904200,kxmg40xfvcoelyipt9j@frontier.net
CC201904201,7ujws62wjkeynqa5ej@yahoo.net
CC201904202,wn@frontier.gov
CC201904204,d4r4x5@outlook.com
CC201904206,xt9kf1548b4wngmkur7@hotmail.gov
CC201904207,feq8cl8comtnxdun@comcast.gov
CC201904209,9a@outlook.net
CC201904210,b6v6vn03u8w0v3yr2xd@charter.net
CC201904211,2x78y33696qs0@outlook.gov
CC201904212,abpa8yq869@yahoo.gov
CC201904213,6ctkaih2308jzui@frontier.com
CC201904216,b5cj5@yahoo.com
CC201904217,q2k8xurx01@gmail.com
CC201904218,o6j4j8bhms33xj5ws@hotmail.gov
CC201904219,v0owyk3l1x@outlook.org
CC201904221,bkda80hat2gfw1h56b@hotmail.gov
CC201904222,vpo@yahoo.com
CC201904224,7lu5@hotmail.net
CC201904225,dxgw79ob3@verizon.com
CC201904226,ft28tt386lpew@frontier.gov
CC201904227,j96598hqrr7whujw@yahoo.com
CC201904229,5uyjd7drk8ibv0440c5@yahoo.gov
CC20190423,on8y1c7@comcast.gov
CC201904231,t5f3@yahoo.gov
CC201904233,xy0gbd6jxp7y@verizon.org
CC201904234,6bartyepj7j5s@frontier.org
CC201904237,q@charter.com
CC201904239,tf7zik0jre27na16m2d@yahoo.com
CC201904240,by9pteqytav0b@hotmail.gov
CC201904241,8@comcast.net
CC201904242,9exiv6pgsi8mw6t4m12@yahoo.com
CC201904243,8pg04bb9n6q@yahoo.com
CC201904244,exhmch@frontier.org
CC201904245,8fiq9q@frontier.com
CC201904249,yhf8fe7rjr59xjzfq@hotmail.org
CC20190425,0@hotmail.com
CC201904251,r9@frontier.gov
CC201904252,ncba9np5zlbp1ld@yahoo.net
CC201904254,j4smclm6dy@hotmail.com
CC201904255,k97lnsyys9ghbqp@hotmail.org
CC201904256,mcw6tiultlv@verizon.org
CC201904258,rppet8@frontier.com
CC201904259,lh9z67x92wpnr@yahoo.org
CC20190426,u70av5zvn@gmail.com
CC201904260,n8rav29xa@hotmail.org
CC201904261,hk5u6wbcqq2n3fvd@hotmail.gov
CC201904262,ih06pnenvjabwrjbs6n4@frontier.org
CC201904263,t7wr03gkbrp@outlook.net
CC201904264,w13qm75f04d@gmail.com
CC201904265,q3bs4ewp7@charter.org
CC201904266,h1i@outlook.gov
CC20190427,ozyif5zeb3a36u@gmail.gov
CC201904270,1gfdzrs572vjl79go50@hotmail.org
CC201904271,ujcul83mgv@yahoo.com
CC201904272,822petrx12b@hotmail.gov
CC201904275,iuvvrqfs7ek6gt03@charter.gov
CC201904276,ne6l9zxz0szfw4u@gmail.org
CC201904277,nbkes83n4n@comcast.com
CC20190428,hfmv7giri@hotmail.com
CC201904280,x0y@verizon.gov
CC201904283,55jkp2viz9f@charter.net
CC201904284,tj4nm1kpzv31d@frontier.com
CC201904285,cgob68qcm@outlook.com
CC201904289,8fop8s3t01@frontier.gov
CC201904290,md2xho29owtv@charter.gov
CC201904292,mm2bu29ot5u81v0l@verizon.org
CC201904294,ru881r4kzj12@comcast.com
CC201904295,k95ks1ioaj@comcast.org
CC201904296,nyogfz6syuj@verizon.net
CC201904297,29tsp8yebfpf6@outlook.org
CC201904299,9a1advobvov0l@hotmail.com
CC2019043,55uwsdvs9b@comcast.org
CC20190430,rphtv6bts5crecy05z@outlook.net
CC201904300,wvnelksyzm1hy@verizon.gov
CC20190431,04h@yahoo.com
CC20190433,41tned3o@charter.gov
CC20190434,030g2fucm2kgcx22qvc8@verizon.net
CC20190435,spsa6is@gmail.com
CC20190436,ez95k84jkvlrpntldxey@frontier.net
CC20190437,yegzgxdjx@comcast.gov
CC20190439,i0g8bkgsmi9oct2b7@yahoo.com
CC2019044,bwtjts9c3u4r1cy@frontier.net
CC20190440,t4eo423j2wj036y@gmail.com
CC20190441,a621s2xgg1y5mwsp@yahoo.com
CC20190442,rtftf@yahoo.net
CC20190444,j3pnp2@frontier.com
CC20190445,581oom5nwexg@outlook.net
CC20190446,n4b8jorz0w2j@frontier.gov
CC20190448,24s0npuiuxk@charter.net
CC20190449,k7sgxvl3@hotmail.net
CC2019045,mzvm@gmail.net
CC20190450,fg2e2tba4@gmail.net
CC20190451,n2edhl4769mr3936f87r@yahoo.net
CC20190453,7us3pdfhinl@outlook.org
CC20190454,o@comcast.org
CC20190456,87rau0gtc1zfez@frontier.com
CC20190458,govgpr8xlyooqv7f@outlook.gov
CC20190459,7wagj02awgx4chd8@charter.gov
CC20190460,lug@frontier.com
CC20190462,lba0wbrz@gmail.gov
CC20190463,pme7w@hotmail.gov
CC20190464,9gqszwv8exnn52cpo@comcast.gov
CC20190465,nwrmo93lm94qaxwt@frontier.com
CC20190466,q1bl85pju@outlook.net
CC20190468,ejjv1tat8ppnsuj@gmail.org
CC20190469,t9d@gmail.org
CC20190470,e43oe7blveih6ge3l@verizon.gov
CC20190471,bcrsbt22sbtvhjb@comcast.com
CC20190472,5knglhh7vb2lalud0ry@comcast.com
CC20190473,10n6w@frontier.gov
CC20190474,ssujd7k7q8pqai2ptcmu@hotmail.org
CC20190475,ht5bl7lt9zn89@gmail.com
CC20190476,aqelc9e5@gmail.org
CC20190477,8olabrrc52igm6a2c3i@comcast.com
CC20190479,9u8q@hotmail.gov
CC20190481,hjc@gmail.org
CC20190483,st8hvuv@gmail.gov
CC20190485,yo@verizon.net
CC20190486,e0aq55i8du@frontier.com
CC20190487,m3otx9lb2qoqet@gmail.net
CC20190488,fw@frontier.net
CC20190490,qp06tsrd4xagx8aqhn@hotmail.gov
CC20190491,ts1abloki@charter.org
CC20190493,ihadrrxc4ij1q@charter.com
CC20190495,ao2nlfqbac6@gmail.org
CC20190497,o8h2q6w09mlewkfu@verizon.gov
CC2019051,vjyhjw9gvncsepatl@verizon.gov
CC201905101,4@hotmail.net
CC201905102,6@comcast.net
CC201905103,qw@frontier.org
CC201905104,84zhv7khmpvtb6s@charter.com
CC201905105,xc5gjl0vijm@outlook.gov
CC201905107,a22r0@frontier.gov
CC201905111,te51c2jh2iji@outlook.com
CC201905113,pazsavs4qd4885k@frontier.com
CC201905114,qv7fzc7@outlook.gov
CC201905115,tc6@charter.net
CC201905117,idnf1bj7iwvt1um1n77@charter.net
CC201905118,0wd1jhdfx1mt7vtisn@yahoo.com
CC201905119,fmb6d5mvql2le9c4z@charter.gov
CC201905120,x5al@outlook.com
CC201905121,3y55m@frontier.net
CC201905122,idp21@yahoo.net
CC201905123,28wu19zdnha6q7e3@hotmail.net
CC201905125,oeia2fhx8pnb84k5z7@hotmail.com
CC201905126,emt2e@outlook.gov
CC201905127,j0659@charter.com
CC20190513,1dxou8@frontier.org
CC201905130,pxqa7be0i3i59an@hotmail.com
CC201905131,tg2lf@verizon.net
CC201905132,mclw3av@verizon.net
CC201905133,rgarku7iw5h@charter.net
CC201905135,c35m79bx9zzwy@charter.net
CC201905137,6f1cpiz78a4oypqsld0@hotmail.gov
CC201905138,atb9906u8@charter.net
CC20190514,9lvhe6w@hotmail.org
CC201905140,u6zto6u6781dynrwlb@frontier.org
CC201905141,cdkes4gm5c9izjslcs@yahoo.org
CC201905142,q1q1jcosbr@charter.org
CC201905146,uyzq7x62j8pexq3u@comcast.org
CC201905148,499j5bc8vnk8q7@outlook.gov
CC201905149,yd2f2c4gbyi@frontier.com
CC20190515,gxkewvrfksb@yahoo.gov
CC201905150,2b1qdw9u1z9@frontier.org
CC201905152,mien2gzsr3ewz@hotmail.net
CC201905154,9zx@charter.org
CC201905155,q37yqgmq@outlook.org
CC201905156,yhqhfne1dxo32ob1v@frontier.gov
CC201905157,0hfd0qy07bf@gmail.net
CC201905158,6a82yuygg9@gmail.org
CC201905159,qj9v0urp0fszsx5ftsv3@yahoo.net
CC201905160,s7dbnqxe0xtfxsxl7e@hotmail.net
CC201905161,tg2muct@frontier.com
CC201905162,d@verizon.net
CC201905164,qequybcm68lz7o8hqu@yahoo.net
CC201905165,sshqyth1vgji7d2@frontier.com
CC201905166,2izn8glao2z5fz@verizon.org
CC201905167,s6ym7o@gmail.org
CC201905169,iy2m@gmail.org
CC201905170,7ceu2osyzlihc@charter.org
CC201905171,mqdgkvvt2@verizon.gov
CC201905172,2pgw55g1j@frontier.net
CC201905173,mukoeyv@comcast.org
CC201905175,np401u9yiwvbg32@outlook.org
CC201905176,2eua7cjvvvaffleofi@frontier.gov
CC201905177,qdwu81ic4m@charter.net
CC201905178,49kvy2ao8xbmib3agh@comcast.gov
CC20190518,vd3xtnfnkld2oyk735wm@verizon.com
CC201905180,n056lf6hxj322w1lp@charter.org
CC201905184,0584ghquptosf8@charter.net
CC201905186,kmkqsno@yahoo.gov
CC201905192,vw@charter.net
CC201905193,ebuy2hibsd54l@verizon.gov
CC201905197,roj32p1ok@hotmail.org
CC201905198,q6ehithogdc@comcast.gov
CC201905199,5u0i8xjive0q@outlook.net
CC2019052,89o4c61qtq7na797xfz@outlook.net
CC20190520,s8frus@comcast.net
CC201905200,fs3xchedt2z3@comcast.gov
CC201905201,qb8o4b5yz0dohpk@frontier.org
CC201905202,gbt0hy0kds9zk4@gmail.com
CC201905203,9sf@charter.gov
CC201905205,m1rau5n9m03@comcast.net
CC201905206,lxizhnb7z8b@outlook.org
CC201905207,kxbjyhmb78mybs33g0o7@yahoo.org
CC201905208,rkzqcizvkua35@frontier.net
CC201905209,k9rguoznb@verizon.com
CC20190521,x3jvsfbm5bl@frontier.net
CC201905210,55n1v86bpk47@charter.net
CC201905211,txmv@frontier.com
CC201905212,ct1@outlook.gov
CC201905213,1va2afzl@verizon.org
CC201905214,o0p28zpitfq@outlook.net
CC201905219,rgt@gmail.org
CC201905220,8vfnvq7uyb4j@verizon.com
CC201905222,51326py3abmbrj@yahoo.com
CC201905224,m7nc01rsj5xds7zuv@gmail.gov
CC201905227,u76gi1f67y8gifgicb3@charter.gov
CC20190523,zexag@gmail.com
CC201905230,u4w8b3kirud0xc@hotmail.gov
CC201905233,pgujiab32zbmu4fwi@yahoo.com
CC201905235,y21b4sa@yahoo.org
CC201905236,a9y5xa@hotmail.org
CC201905237,r2kfded1tne97@verizon.net
CC201905238,d33a74b0rzmqq13qxs@verizon.org
CC20190524,gz1b1zngf@comcast.gov
CC201905240,oqby102@gmail.org
CC201905241,8w93kjd6pjk03033sas@frontier.org
CC201905242,tqsucfkzo7hk5c@outlook.net
CC201905244,i1k1og0ag@frontier.org
CC201905245,0fxzf2@frontier.gov
CC201905246,k60pl9v2y2gk49v@yahoo.gov
CC201905247,aa0qthetqn@hotmail.gov
CC201905248,fyl5hmf6@yahoo.net
CC201905249,g6z17@yahoo.gov
CC201905250,nbp4@verizon.net
CC201905251,66a81owunumxkom3fddn@hotmail.com
CC201905252,vo1j@hotmail.gov
CC201905254,9z7lut9wbjbkogt@verizon.com
CC201905255,4wf0@verizon.gov
CC201905256,v5ph3u1i77n@verizon.org
CC201905257,1uce@hotmail.gov
CC201905258,typ1kkm2j7uttvjko@comcast.gov
CC20190526,pds3xh@hotmail.com
CC201905260,3a8pzakgu5@yahoo.org
CC201905261,7jh6e3fm53blxw42@verizon.org
CC201905262,egzx5gc@frontier.net
CC201905263,glj5160j3@outlook.org
CC201905265,ejeig11mvo61n7vv7@charter.com
CC201905266,pn67qix788s@hotmail.net
CC201905268,1sbzwtqz2s0@charter.com
CC201905269,yfxkfxprh0m2@frontier.org
CC20190527,qg@verizon.net
CC201905270,mjhp@verizon.com
CC201905271,ndhf5bkbkb31ikq15gu@gmail.gov
CC201905273,6h3lc7yzkb2i2fbiwgnd@hotmail.net
CC201905275,xyix8abo@frontier.com
CC201905276,7d@gmail.gov
CC201905278,3f1@outlook.org
CC201905279,3xf@frontier.org
CC20190528,f67xhj92@outlook.org
CC201905281,e73qzt6s@verizon.org
CC201905283,yk@comcast.gov
CC201905287,yvvgtj61t24u1vl70g@comcast.com
CC201905288,d8g6t3@outlook.gov
CC201905289,3439fm74bshtaof6@gmail.com
CC20190529,u0@hotmail.net
CC201905290,aopoqgn97a4su4lrjmyo@comcast.gov
CC201905292,tb0nh4p0@hotmail.com
CC201905294,1x6sr575bf3wdv9@frontier.net
CC201905297,2yw0sfxqrr@outlook.gov
CC201905298,vbax6ab@hotmail.gov
CC20190535,gals@charter.org
CC20190537,1boi@frontier.net
CC20190538,7q03@outlook.com
CC20190539,pslucubp0v1a4b79g@gmail.net
CC2019054,jxdeq@gmail.com
CC20190540,z1k5ujy2p22@frontier.com
CC20190541,am1nloe999lgd759yk1@charter.org
CC20190542,448@charter.net
CC20190544,knmv@charter.com
CC20190546,0apzu3bmi@yahoo.org
CC20190547,dhb34u1ildbasrbmqi55@outlook.org
CC20190548,390@comcast.com
CC2019055,l3z4crdgh0ygr@outlook.gov
CC20190550,euj1jq6vf@charter.net
CC20190551,5cq00zd9w344ci1h@verizon.com
CC20190554,l9o8ibz@hotmail.net
CC20190555,4gicd7exsnim@frontier.net
CC20190558,j16qz1b@charter.org
CC20190559,l5d@hotmail.org
CC2019056,3037qkm45h2jm@verizon.com
CC20190560,111hm0wmb@charter.gov
CC20190561,3vzp@frontier.gov
CC20190562,le6a6a7ah8q@charter.gov
CC20190566,lk78elo07cpsxzi0b@gmail.org
CC20190568,bstoj8lcj8n916m@hotmail.net
CC20190569,6xy5mwh6@verizon.com
CC20190570,5zd0ttdcik3we9bdfen@outlook.gov
CC20190573,h@hotmail.net
CC20190576,zfdj0byevrk7v69@hotmail.net
CC20190578,ish0yuvfqbavjazojek@outlook.org
CC20190579,n@comcast.gov
CC2019058,uzc23rsculjpv@hotmail.net
CC20190580,6d9jk5fu6v2ooq4@frontier.gov
CC20190581,1jmn8@hotmail.com
CC20190582,uk@verizon.gov
CC20190584,l64uz0@yahoo.com
CC20190585,iass6max4h@verizon.com
CC20190586,007yxrerx78qwnys@verizon.com
CC20190587,9uje96q4@outlook.gov
CC20190588,baltyoep31b@comcast.net
CC20190589,e3ixm2y06e5sxs5159sq@comcast.net
CC20190590,x52@verizon.net
CC20190592,cs8g4q8ov@yahoo.com
CC20190593,a@frontier.org
CC20190595,v1qk7f6hqnr@outlook.com
CC20190596,dtwz4@verizon.com
CC20190597,fi02kr@hotmail.net
CC20190598,4myv@comcast.gov
